chamberPressure,upstreamPressure,downstreamPressure,thrust,propellantMass,massFlow,throttlePosition,igniterVoltage,missionTime,managerStateTime,delta
-26.791955947875977,0.0,-22.741008758544922,1.678989291191101,11.613032341003418,0.0,0.0,300.0,437429184.0,4117.0,404.0,0.0
-21.930814743041992,0.0,-17.879852294921875,1.6708747148513794,11.613032341003418,0.0,0.0,300.0,437435232.0,10158.0,404.0,0.0
-24.361392974853516,0.0,-13.42378044128418,1.6708747148513794,11.613256454467773,0.0,0.0,300.0,437441056.0,15999.0,404.0,0.0
-23.956296920776367,0.0,-20.31041717529297,1.6795061826705933,11.613256454467773,0.0,0.0,300.0,437447040.0,21981.0,404.0,0.0
-23.14610481262207,0.0,-21.525720596313477,1.6795061826705933,11.611072540283203,0.0,0.0,300.0,437453568.0,28487.0,404.0,0.0
-24.361392974853516,0.0,-21.120622634887695,1.6766635179519653,11.611072540283203,0.0,0.0,300.0,437460128.0,35043.0,404.0,0.0
-25.171585083007812,0.0,-22.33591079711914,1.6766635179519653,11.611228942871094,0.0,0.0,300.0,437466624.0,41568.0,404.0,0.0
-23.956296920776367,0.0,-20.31041717529297,1.6751645803451538,11.611228942871094,0.0,0.0,300.0,437472000.0,46937.0,404.0,0.0
-24.766489028930664,0.0,-19.905319213867188,1.6751645803451538,11.614241600036621,0.0,0.0,300.0,437478176.0,53105.0,404.0,0.0
-25.171585083007812,0.0,-19.5002384185791,1.6795578002929688,11.614358901977539,0.0,0.0,300.0,437484160.0,59077.0,404.0,0.0
-20.715526580810547,0.0,-19.5002384185791,1.6795578002929688,11.614358901977539,0.0,0.0,300.0,437490080.0,65006.0,404.0,0.0
-24.361392974853516,0.0,-19.095142364501953,1.6790410280227661,11.61252498626709,0.0,0.0,300.0,437496032.0,70950.0,404.0,0.0
-23.55120086669922,0.0,-21.525720596313477,1.6790410280227661,11.61252498626709,0.0,0.0,300.0,437502592.0,77508.0,404.0,0.0
-27.602161407470703,0.0,-21.120622634887695,1.6709781885147095,11.612554550170898,0.0,0.0,300.0,437508960.0,83885.0,404.0,0.0
-21.120622634887695,0.0,-17.879852294921875,1.6709781885147095,11.612554550170898,0.0,0.0,300.0,437514016.0,88938.0,404.0,0.0
-22.33591079711914,0.0,-19.5002384185791,1.6675152778625488,11.611462593078613,0.0,0.0,300.0,437520096.0,95019.0,404.0,0.0
-23.55120086669922,0.0,-21.930814743041992,1.6675152778625488,11.611462593078613,0.0,0.0,300.0,437526048.0,100963.0,404.0,0.0
-25.171585083007812,0.0,-20.715526580810547,1.6775420904159546,11.611706733703613,0.0,0.0,300.0,437532096.0,107041.0,404.0,0.0
-24.766489028930664,0.0,-20.715526580810547,1.6775420904159546,11.611706733703613,0.0,0.0,300.0,437538528.0,113466.0,404.0,0.0
-18.284950256347656,0.0,-18.690046310424805,1.669479250907898,11.611706733703613,0.0,0.0,300.0,437545056.0,119993.0,404.0,0.0
-26.386857986450195,0.0,-20.715526580810547,1.669479250907898,11.611706733703613,0.0,0.0,300.0,437551616.0,126539.0,404.0,0.0
-25.57668113708496,0.0,-19.5002384185791,1.6590389013290405,11.61456298828125,0.0,0.0,300.0,437557984.0,132906.0,404.0,0.0
-25.981779098510742,0.0,-20.715526580810547,1.6590389013290405,11.61456298828125,0.0,0.0,300.0,437563264.0,138207.0,404.0,0.0
-19.5002384185791,0.0,-17.47475814819336,1.658677101135254,11.61456298828125,0.0,0.0,300.0,437568992.0,143933.0,404.0,0.0
-25.57668113708496,0.0,-19.905319213867188,1.658677101135254,11.61456298828125,0.0,0.0,300.0,437575264.0,150198.0,404.0,0.0
-23.14610481262207,0.0,-21.525720596313477,1.660227656364441,11.612739562988281,0.0,0.0,300.0,437581248.0,156178.0,404.0,0.0
-23.956296920776367,0.0,-19.095142364501953,1.660227656364441,11.612739562988281,0.0,0.0,300.0,437587520.0,162460.0,404.0,0.0
-26.791955947875977,0.0,-21.120622634887695,1.6543354988098145,11.612281799316406,0.0,0.0,300.0,437594048.0,168975.0,404.0,0.0
-25.171585083007812,0.0,-20.715526580810547,1.6543354988098145,11.611102104187012,0.0,0.0,300.0,437600544.0,175489.0,404.0,0.0
-19.905319213867188,0.0,-16.259469985961914,1.6488568782806396,11.611102104187012,0.0,0.0,300.0,437606944.0,181881.0,404.0,0.0
-26.791955947875977,0.0,-17.879852294921875,1.6488568782806396,11.611882209777832,0.0,0.0,300.0,437612000.0,186935.0,404.0,0.0
-16.66456413269043,0.0,-17.879852294921875,1.656041145324707,11.611882209777832,0.0,0.0,300.0,437618016.0,192952.0,404.0,0.0
-18.690046310424805,0.0,-16.259469985961914,1.656041145324707,11.612886428833008,0.0,0.0,300.0,437624032.0,198973.0,404.0,0.0
-24.361392974853516,0.0,-20.715526580810547,1.6795061826705933,11.612886428833008,0.0,0.0,300.0,437630272.0,205191.0,404.0,0.0
-25.981779098510742,0.0,-20.31041717529297,1.6795061826705933,11.612671852111816,0.0,0.0,300.0,437636480.0,211425.0,404.0,0.0
-24.361392974853516,0.0,-21.930814743041992,1.6851915121078491,11.612671852111816,0.0,0.0,300.0,437643008.0,217933.0,404.0,0.0
-25.171585083007812,0.0,-16.259469985961914,1.677490472793579,11.613480567932129,0.0,0.0,300.0,437649536.0,224460.0,404.0,0.0
-24.766489028930664,0.0,-21.120622634887695,1.677490472793579,11.613480567932129,0.0,0.0,300.0,437656096.0,231019.0,404.0,0.0
-23.956296920776367,0.0,-20.31041717529297,1.6657578945159912,11.614689826965332,0.0,0.0,300.0,437662592.0,237536.0,404.0,0.0
-24.361392974853516,0.0,-22.741008758544922,1.6657578945159912,11.614689826965332,0.0,0.0,300.0,437669152.0,244086.0,404.0,0.0
-25.57668113708496,0.0,-18.284950256347656,1.6733039617538452,11.612944602966309,0.0,0.0,300.0,437675680.0,250608.0,404.0,0.0
-19.5002384185791,0.0,-18.284950256347656,1.6733039617538452,11.611969947814941,0.0,0.0,300.0,437682176.0,257111.0,404.0,0.0
-23.956296920776367,0.0,-19.095142364501953,1.6583153009414673,11.611969947814941,0.0,0.0,300.0,437688736.0,263667.0,404.0,0.0
-23.14610481262207,0.0,-21.120622634887695,1.6583153009414673,11.61307144165039,0.0,0.0,300.0,437694080.0,269002.0,404.0,0.0
-19.095142364501953,0.0,-17.47475814819336,1.6654478311538696,11.61307144165039,0.0,0.0,300.0,437700000.0,274939.0,404.0,0.0
-25.171585083007812,0.0,-19.095142364501953,1.6654478311538696,11.61480712890625,0.0,0.0,300.0,437706016.0,280958.0,404.0,0.0
-21.930814743041992,0.0,-18.690046310424805,1.6661714315414429,11.61480712890625,0.0,0.0,300.0,437712160.0,287079.0,404.0,0.0
-26.791955947875977,0.0,-19.5002384185791,1.6661714315414429,11.612710952758789,0.0,0.0,300.0,437718112.0,293048.0,404.0,0.0
-24.766489028930664,0.0,-14.639083862304688,1.6755781173706055,11.612710952758789,0.0,0.0,300.0,437724640.0,299574.0,404.0,0.0
-21.930814743041992,0.0,-21.120622634887695,1.6755781173706055,11.612739562988281,0.0,0.0,300.0,437730016.0,304955.0,404.0,0.0
-26.386857986450195,0.0,-22.33591079711914,1.6827622652053833,11.612739562988281,0.0,0.0,300.0,437736192.0,311131.0,404.0,0.0
-24.361392974853516,0.0,-21.930814743041992,1.6827622652053833,11.614523887634277,0.0,0.0,300.0,437742144.0,317064.0,404.0,0.0
-24.766489028930664,0.0,-21.120622634887695,1.673924207687378,11.614523887634277,0.0,0.0,300.0,437748096.0,323042.0,404.0,0.0
-23.956296920776367,0.0,-21.120622634887695,1.673924207687378,11.612847328186035,0.0,0.0,300.0,437754048.0,328993.0,404.0,0.0
-19.5002384185791,0.0,-17.06966209411621,1.669479250907898,11.612847328186035,0.0,0.0,300.0,437760576.0,335501.0,404.0,0.0
-24.361392974853516,0.0,-21.120622634887695,1.669479250907898,11.61190128326416,0.0,0.0,300.0,437767136.0,342059.0,404.0,0.0
-24.766489028930664,0.0,-19.095142364501953,1.6620882749557495,11.614826202392578,0.0,0.0,300.0,437773664.0,348582.0,404.0,0.0
-25.171585083007812,0.0,-20.715526580810547,1.6620882749557495,11.614826202392578,0.0,0.0,300.0,437780224.0,355145.0,404.0,0.0
-21.930814743041992,0.0,-18.690046310424805,1.6744927167892456,11.614046096801758,0.0,0.0,300.0,437786752.0,361681.0,404.0,0.0
-22.33591079711914,0.0,-17.879852294921875,1.6744927167892456,11.614046096801758,0.0,0.0,300.0,437792032.0,366961.0,404.0,0.0
-24.361392974853516,0.0,-17.06966209411621,1.6720634698867798,11.611696243286133,0.0,0.0,300.0,437798048.0,372987.0,404.0,0.0
-26.791955947875977,0.0,-20.31041717529297,1.6720634698867798,11.611696243286133,0.0,0.0,300.0,437804224.0,379161.0,404.0,0.0
-14.233972549438477,0.0,-17.47475814819336,1.6780589818954468,11.613431930541992,0.0,0.0,300.0,437810176.0,385097.0,404.0,0.0
-24.766489028930664,0.0,-20.31041717529297,1.6780589818954468,11.613431930541992,0.0,0.0,300.0,437816160.0,391098.0,404.0,0.0
-21.120622634887695,0.0,-17.47475814819336,1.6866387128829956,11.614523887634277,0.0,0.0,300.0,437822688.0,397620.0,404.0,0.0
-23.956296920776367,0.0,-19.905319213867188,1.6866387128829956,11.614523887634277,0.0,0.0,300.0,437828032.0,402953.0,404.0,0.0
-28.007259368896484,0.0,-20.31041717529297,1.6835893392562866,11.611959457397461,0.0,0.0,300.0,437834016.0,408934.0,404.0,0.0
-25.57668113708496,0.0,-22.741008758544922,1.6835893392562866,11.611959457397461,0.0,0.0,300.0,437840192.0,415116.0,404.0,0.0
-25.171585083007812,0.0,-21.120622634887695,1.6761466264724731,11.612788200378418,0.0,0.0,300.0,437846176.0,421104.0,404.0,0.0
-23.55120086669922,0.0,-16.66456413269043,1.6761466264724731,11.612788200378418,0.0,0.0,300.0,437852128.0,427061.0,404.0,0.0
-23.956296920776367,0.0,-20.31041717529297,1.6742342710494995,11.615391731262207,0.0,0.0,300.0,437858688.0,433623.0,404.0,0.0
-19.095142364501953,0.0,-18.284950256347656,1.6742342710494995,11.615391731262207,0.0,0.0,300.0,437864032.0,438972.0,404.0,0.0
-25.57668113708496,0.0,-21.525720596313477,1.6693241596221924,11.613080978393555,0.0,0.0,300.0,437870272.0,445193.0,404.0,0.0
-26.386857986450195,0.0,-21.120622634887695,1.6809533834457397,11.613080978393555,0.0,0.0,300.0,437876192.0,451117.0,404.0,0.0
-25.981779098510742,0.0,-20.715526580810547,1.6809533834457397,11.611316680908203,0.0,0.0,300.0,437882112.0,457048.0,404.0,0.0
-14.233972549438477,0.0,-17.06966209411621,1.6809533834457397,11.611316680908203,0.0,0.0,300.0,437888096.0,463016.0,404.0,0.0
-21.930814743041992,0.0,-18.284950256347656,1.6821937561035156,11.614836692810059,0.0,0.0,300.0,437894624.0,469542.0,404.0,0.0
-23.956296920776367,0.0,-19.905319213867188,1.678989291191101,11.614836692810059,0.0,0.0,300.0,437901152.0,476095.0,404.0,0.0
-24.361392974853516,0.0,-18.690046310424805,1.678989291191101,11.614836692810059,0.0,0.0,300.0,437907712.0,482627.0,404.0,0.0
-23.956296920776367,0.0,-18.690046310424805,1.6662747859954834,11.61213493347168,0.0,0.0,300.0,437913088.0,488017.0,404.0,0.0
-23.956296920776367,0.0,-19.5002384185791,1.6662747859954834,11.61213493347168,0.0,0.0,300.0,437919264.0,494208.0,404.0,0.0
-25.57668113708496,0.0,-19.5002384185791,1.6658096313476562,11.61213493347168,0.0,0.0,300.0,437925248.0,500192.0,404.0,0.0
-23.14610481262207,0.0,-20.715526580810547,1.6658096313476562,11.61213493347168,0.0,0.0,300.0,437931200.0,3279.0,404.0,0.0
-27.602161407470703,0.0,-22.33591079711914,1.6605894565582275,11.61213493347168,0.0,0.0,300.0,437937408.0,9467.0,404.0,0.0
-30.437835693359375,0.0,-21.930814743041992,1.6605894565582275,11.61213493347168,0.0,0.0,300.0,437944096.0,16178.0,404.0,0.0
-30.03274154663086,0.0,-14.639083862304688,1.6716500520706177,11.612788200378418,0.0,0.13636362552642822,300.0,437950560.0,22637.0,404.0,0.0
-28.412355422973633,0.0,-21.930814743041992,1.6716500520706177,11.612788200378418,0.0,0.40909090638160706,300.0,437957248.0,29336.0,404.0,0.0
-24.361392974853516,0.0,-21.525720596313477,1.8060312271118164,11.612788200378418,0.0,0.6818181872367859,300.0,437963808.0,35898.0,404.0,0.0
-27.197067260742188,0.0,-16.66456413269043,1.8060312271118164,11.612788200378418,0.0,0.8181818127632141,300.0,437970272.0,42356.0,404.0,0.0
-27.602161407470703,0.0,-23.14610481262207,1.7610652446746826,11.625268936157227,0.0,0.8181818127632141,300.0,437976800.0,48889.0,404.0,0.0
-29.22254753112793,0.0,-23.55120086669922,1.7610652446746826,11.626605033874512,0.0,0.8181818127632141,300.0,437983200.0,55279.0,404.0,0.0
-28.007259368896484,0.0,-22.33591079711914,1.7031261920928955,11.626605033874512,0.0,0.6818181872367859,300.0,437989856.0,61943.0,404.0,0.0
-22.741008758544922,0.0,-18.690046310424805,1.5971719026565552,11.581870079040527,0.0,0.6818181872367859,300.0,437996448.0,68515.0,404.0,0.0
-28.81745147705078,0.0,-21.930814743041992,1.5971719026565552,11.581870079040527,0.0,0.8181818127632141,300.0,438003008.0,75091.0,404.0,0.0
-26.386857986450195,0.0,-23.14610481262207,1.5987740755081177,11.597041130065918,0.0,1.0909090042114258,300.0,438009248.0,81320.0,404.0,0.0
-28.007259368896484,0.0,-23.55120086669922,1.5987740755081177,11.597041130065918,0.0,1.5000001192092896,300.0,438016064.0,88124.0,404.0,0.0
-26.791955947875977,0.0,-21.525720596313477,1.5828551054000854,11.714788436889648,0.0,2.1818180084228516,300.0,438022624.0,94701.0,404.0,0.0
-22.741008758544922,0.0,-20.31041717529297,1.5828551054000854,11.575980186462402,0.0,2.7272727489471436,300.0,438028928.0,101019.0,404.0,0.0
-27.197067260742188,0.0,-23.55120086669922,1.634798526763916,11.575980186462402,0.0,3.000000238418579,300.0,438035488.0,107570.0,404.0,0.0
-20.715526580810547,0.0,-23.14610481262207,1.634798526763916,11.539201736450195,0.0,3.1363637447357178,300.0,438042208.0,114284.0,404.0,0.0
-28.81745147705078,0.0,-22.741008758544922,1.5108060836791992,11.539201736450195,0.0,3.409090995788574,300.0,438048768.0,120836.0,404.0,0.0
-29.627643585205078,0.0,-23.55120086669922,1.5108060836791992,11.690266609191895,0.0,3.6818180084228516,300.0,438055296.0,127365.0,404.0,0.0
-27.602161407470703,0.0,-22.33591079711914,1.5445564985275269,11.690266609191895,0.0,4.2272725105285645,300.0,438061600.0,133678.0,404.0,0.0
-27.602161407470703,0.0,-23.14610481262207,1.4410313367843628,11.619019508361816,0.0,4.909090995788574,300.0,438068320.0,140384.0,404.0,0.0
-28.007259368896484,0.0,-22.33591079711914,1.4410313367843628,11.619019508361816,0.0,5.7272725105285645,300.0,438074848.0,146909.0,404.0,0.0
-29.22254753112793,0.0,-21.930814743041992,1.4521952867507935,11.560320854187012,0.0,6.409090995788574,300.0,438081408.0,153487.0,404.0,0.0
-28.81745147705078,0.0,-24.361392974853516,1.4521952867507935,11.632172584533691,0.0,6.954545497894287,300.0,438087968.0,160039.0,404.0,0.0
-22.33591079711914,0.0,-13.018699645996094,1.4985567331314087,11.632172584533691,0.0,7.5,300.0,438094496.0,166562.0,404.0,0.0
-28.81745147705078,0.0,-22.33591079711914,1.4985567331314087,11.617098808288574,0.0,8.045454025268555,300.0,438100992.0,173067.0,404.0,0.0
-28.81745147705078,0.0,-23.55120086669922,1.5202645063400269,11.617098808288574,0.0,8.727272033691406,300.0,438107488.0,179576.0,404.0,0.0
-25.57668113708496,0.0,-21.930814743041992,1.5202645063400269,11.583205223083496,0.0,9.545454978942871,300.0,438113792.0,185867.0,404.0,0.0
-28.007259368896484,0.0,-23.956296920776367,1.5157161951065063,11.583205223083496,0.0,10.36363697052002,300.0,438120320.0,192386.0,404.0,0.0
-26.791955947875977,0.0,-23.14610481262207,1.5157161951065063,11.62468433380127,0.0,11.045454978942871,300.0,438127168.0,199255.0,404.0,0.0
-22.33591079711914,0.0,-19.5002384185791,1.4995903968811035,11.622480392456055,0.0,11.590909004211426,300.0,438133664.0,205734.0,404.0,0.0
-28.412355422973633,0.0,-23.956296920776367,1.5581495761871338,11.622480392456055,0.0,12.136363983154297,300.0,438140224.0,212304.0,404.0,0.0
-39.34994125366211,0.0,-21.930814743041992,1.5581495761871338,11.567526817321777,0.0,12.681818008422852,300.0,438146784.0,218866.0,404.0,0.0
-26.791955947875977,0.0,-21.120622634887695,1.5828033685684204,11.567526817321777,0.0,13.500000953674316,300.0,438152960.0,225047.0,404.0,0.0
-28.007259368896484,0.0,-21.525720596313477,1.5828033685684204,11.611686706542969,0.0,14.318181991577148,300.0,438158176.0,230257.0,404.0,0.0
-28.412355422973633,0.0,-21.930814743041992,1.5576844215393066,11.611686706542969,0.0,14.86363697052002,300.0,438164000.0,236086.0,404.0,0.0
-25.57668113708496,0.0,-24.361392974853516,1.5576844215393066,11.660595893859863,0.0,15.818181037902832,300.0,438170240.0,242325.0,404.0,0.0
-22.741008758544922,0.0,-17.06966209411621,1.5426957607269287,11.660595893859863,0.0,16.772727966308594,300.0,438176128.0,248212.0,404.0,0.0
-28.412355422973633,0.0,-23.14610481262207,1.5426957607269287,11.576935768127441,0.0,17.454544067382812,300.0,438182720.0,254786.0,404.0,0.0
-28.007259368896484,0.0,-23.55120086669922,1.5712776184082031,11.576935768127441,0.0,18.136363983154297,300.0,438189280.0,261355.0,404.0,0.0
-25.57668113708496,0.0,-21.930814743041992,1.5712776184082031,11.575901985168457,0.0,18.81818199157715,300.0,438195872.0,267933.0,404.0,0.0
-28.007259368896484,0.0,-21.525720596313477,1.5365452766418457,11.575901985168457,0.0,19.5,300.0,438202368.0,274450.0,404.0,0.0
-28.412355422973633,0.0,-21.930814743041992,1.5365452766418457,11.66926383972168,0.0,20.454545974731445,300.0,438208960.0,281022.0,404.0,0.0
-27.602161407470703,0.0,-20.715526580810547,1.4996421337127686,11.618765830993652,0.0,21.68181800842285,300.0,438215168.0,287236.0,404.0,0.0
-28.007259368896484,0.0,-8.15754508972168,1.4996421337127686,11.618765830993652,0.0,22.636363983154297,300.0,438221920.0,294006.0,404.0,0.0
-25.171585083007812,0.0,-21.525720596313477,1.5484845638275146,11.572314262390137,0.0,23.454544067382812,300.0,438228480.0,300566.0,404.0,0.0
-28.007259368896484,0.0,16.958406448364258,1.5484845638275146,11.572314262390137,0.0,24.136363983154297,300.0,438235040.0,307125.0,404.0,0.0
-28.007259368896484,0.0,-23.55120086669922,1.6175358295440674,11.64929485321045,0.0,24.954545974731445,300.0,438241536.0,313618.0,404.0,0.0
-27.197067260742188,0.0,-13.42378044128418,1.6148481369018555,11.64929485321045,0.0,25.77272605895996,300.0,438248096.0,320161.0,404.0,0.0
-74.18822479248047,0.0,-20.715526580810547,1.6148481369018555,11.634376525878906,0.0,26.863637924194336,300.0,438254368.0,326431.0,404.0,0.0
-27.602161407470703,0.0,7.2360968589782715,1.6089560985565186,11.586101531982422,0.0,28.227272033691406,300.0,438261184.0,333248.0,404.0,0.0
-28.007259368896484,0.0,33.972476959228516,1.6089560985565186,11.586101531982422,0.0,29.590909957885742,300.0,438267680.0,339760.0,404.0,0.0
-22.33591079711914,0.0,74.0770034790039,1.7143418788909912,11.63962173461914,0.0,30.954545974731445,300.0,438274112.0,346203.0,404.0,0.0
-23.956296920776367,0.0,119.85285186767578,1.7143418788909912,11.63962173461914,0.0,32.318180084228516,300.0,438280768.0,352835.0,404.0,0.0
-18.690046310424805,0.0,194.3905792236328,1.9534887075424194,11.63962173461914,0.0,33.40909194946289,300.0,438287264.0,359345.0,404.0,0.0
-13.42378044128418,0.0,246.24288940429688,1.9534887075424194,11.63962173461914,0.0,34.3636360168457,300.0,438293696.0,365786.0,404.0,0.0
-6.537159442901611,0.0,311.4633483886719,2.1011528968811035,11.63962173461914,0.0,35.04545211791992,300.0,438300288.0,372367.0,404.0,0.0
13.717666625976562,0.0,362.1004333496094,2.1011528968811035,11.63962173461914,0.0,35.45454788208008,300.0,438306560.0,378635.0,404.0,0.0
12.502376556396484,0.0,422.45977783203125,2.1011528968811035,11.643317222595215,0.0,35.727272033691406,300.0,438313376.0,385456.0,404.0,0.0
23.03487777709961,0.0,451.2215881347656,2.710158109664917,11.643317222595215,0.0,35.8636360168457,300.0,438319904.0,391987.0,404.0,0.0
33.567378997802734,0.0,485.6548156738281,2.710158109664917,11.643317222595215,0.0,36.1363639831543,300.0,438326528.0,398596.0,404.0,0.0
41.26420974731445,0.0,506.31463623046875,3.4439308643341064,11.633499145507812,0.0,36.54545593261719,300.0,438333056.0,405123.0,404.0,0.0
79.74834442138672,0.0,530.2153930664062,3.4439308643341064,11.633499145507812,0.0,37.09090805053711,300.0,438339584.0,411653.0,404.0,0.0
53.82218933105469,0.0,553.3058471679688,4.296372890472412,11.638861656188965,0.0,38.04545593261719,300.0,438345824.0,417885.0,404.0,0.0
61.113922119140625,0.0,571.130126953125,4.296372890472412,11.638861656188965,0.0,38.8636360168457,300.0,438352224.0,424292.0,404.0,0.0
41.26420974731445,0.0,584.9033813476562,5.202825546264648,11.650571823120117,0.0,39.54545593261719,300.0,438359136.0,431215.0,404.0,0.0
67.19036102294922,0.0,588.5491943359375,5.202825546264648,11.647988319396973,0.0,39.95454406738281,300.0,438365696.0,437778.0,404.0,0.0
72.8617172241211,0.0,594.625732421875,5.891373634338379,11.647988319396973,0.0,40.227272033691406,300.0,438372256.0,444335.0,404.0,0.0
80.1534423828125,0.0,602.322509765625,5.891373634338379,11.637418746948242,0.0,40.5,300.0,438378784.0,450858.0,404.0,0.0
82.17890167236328,0.0,612.8550415039062,6.597185134887695,11.637418746948242,0.0,40.90909194946289,300.0,438385344.0,457415.0,404.0,0.0
85.4197006225586,0.0,612.4498901367188,7.096927642822266,11.600717544555664,0.0,41.59090805053711,300.0,438391488.0,463579.0,404.0,0.0
87.44517517089844,0.0,605.9684448242188,7.096927642822266,11.600717544555664,0.0,42.272727966308594,300.0,438397984.0,470051.0,404.0,0.0
89.8757553100586,0.0,612.4498901367188,7.5246734619140625,11.592049598693848,0.0,42.818180084228516,300.0,438403168.0,475241.0,404.0,0.0
90.68595123291016,0.0,614.8804321289062,7.5246734619140625,11.592049598693848,0.0,43.09090805053711,300.0,438409088.0,481155.0,404.0,0.0
98.78787231445312,0.0,622.5773315429688,7.811008930206299,11.62177848815918,0.0,43.5,300.0,438415264.0,487335.0,404.0,0.0
95.95219421386719,0.0,618.5264282226562,7.811008930206299,11.62177848815918,0.0,43.6363639831543,300.0,438421088.0,493151.0,404.0,0.0
103.24393463134766,0.0,622.982421875,8.1222562789917,11.606460571289062,0.0,43.6363639831543,300.0,438427680.0,499748.0,404.0,0.0
104.45922088623047,0.0,606.3734130859375,8.1222562789917,11.606460571289062,0.0,43.5,300.0,438434112.0,506197.0,404.0,0.0
107.29486846923828,0.0,622.982421875,8.448079109191895,11.596076011657715,0.0,43.5,300.0,438440800.0,512877.0,404.0,0.0
108.91527557373047,0.0,617.7161865234375,8.448079109191895,11.648826599121094,0.0,43.5,300.0,438447296.0,519376.0,404.0,0.0
111.34585571289062,0.0,583.282958984375,8.765838623046875,11.648826599121094,0.0,43.772727966308594,300.0,438453632.0,525711.0,404.0,0.0
114.58662414550781,0.0,618.9314575195312,8.765838623046875,11.652824401855469,0.0,44.04545593261719,300.0,438460128.0,532208.0,404.0,0.0
119.04267883300781,0.0,635.9454345703125,9.013306617736816,11.652824401855469,0.0,44.45454406738281,300.0,438466912.0,538983.0,404.0,0.0
119.04267883300781,0.0,616.906005859375,9.013306617736816,11.619155883789062,0.0,44.8636360168457,300.0,438473472.0,545541.0,404.0,0.0
122.68854522705078,0.0,620.9569091796875,9.276073455810547,11.619155883789062,0.0,45.1363639831543,300.0,438480032.0,552092.0,404.0,0.0
129.98028564453125,0.0,623.3875122070312,9.276073455810547,11.641796112060547,0.0,45.272727966308594,300.0,438486432.0,558513.0,404.0,0.0
130.3853759765625,0.0,618.9314575195312,9.616264343261719,11.648845672607422,0.0,45.272727966308594,300.0,438492896.0,564976.0,404.0,0.0
129.1700897216797,0.0,617.3109741210938,9.895880699157715,11.648845672607422,0.0,45.272727966308594,300.0,438499424.0,571494.0,404.0,0.0
135.65162658691406,0.0,619.3366088867188,9.895880699157715,11.599771499633789,0.0,45.1363639831543,300.0,438505984.0,578049.0,404.0,0.0
150.23509216308594,0.0,618.1212768554688,10.126344680786133,11.599771499633789,0.0,45.272727966308594,300.0,438512320.0,584410.0,404.0,0.0
168.8695068359375,0.0,606.7785034179688,10.126344680786133,11.597382545471191,0.0,45.40909194946289,300.0,438518592.0,590661.0,404.0,0.0
410.3069152832031,0.0,621.362060546875,10.550110816955566,11.597382545471191,0.0,45.54545593261719,300.0,438525216.0,597285.0,404.0,0.0
417.5986328125,0.0,625.0078735351562,10.550110816955566,11.607503890991211,0.0,45.68181610107422,300.0,438531904.0,603968.0,404.0,0.0
462.56427001953125,0.0,635.5403442382812,14.25003719329834,11.607503890991211,0.0,45.68181610107422,300.0,438537120.0,609209.0,404.0,0.0
487.68023681640625,0.0,631.0844116210938,14.25003719329834,11.56160831451416,0.0,45.68181610107422,300.0,438543200.0,615279.0,404.0,0.0
517.6574096679688,0.0,635.9454345703125,30.596576690673828,11.56160831451416,0.0,45.68181610107422,300.0,438549280.0,621355.0,404.0,0.0
535.4815673828125,0.0,635.5403442382812,30.596576690673828,11.549898147583008,0.0,45.68181610107422,300.0,438555104.0,627184.0,404.0,0.0
553.3058471679688,0.0,639.59130859375,41.89069366455078,11.549898147583008,0.0,45.68181610107422,300.0,438561248.0,633312.0,404.0,0.0
564.6484985351562,0.0,641.6168212890625,41.89069366455078,11.573835372924805,0.0,45.68181610107422,300.0,438567680.0,639744.0,404.0,0.0
572.75048828125,0.0,649.71875,45.27937316894531,11.573835372924805,0.0,45.68181610107422,300.0,438573088.0,645166.0,404.0,0.0
566.2689208984375,0.0,651.7442626953125,45.27937316894531,11.521075248718262,0.0,45.68181610107422,300.0,438579168.0,651241.0,404.0,0.0
578.0167236328125,0.0,645.2627563476562,47.311885833740234,11.521075248718262,0.0,45.68181610107422,300.0,438585248.0,657309.0,404.0,0.0
573.9657592773438,0.0,648.098388671875,47.311885833740234,11.511139869689941,0.0,45.68181610107422,300.0,438591072.0,663145.0,404.0,0.0
600.7020874023438,0.0,648.098388671875,49.10380935668945,11.539192199707031,0.0,45.68181610107422,300.0,438597120.0,669199.0,404.0,0.0
601.1072387695312,0.0,649.71875,49.10380935668945,11.539192199707031,0.0,45.68181610107422,300.0,438603584.0,675648.0,404.0,0.0
612.4498901367188,0.0,651.3391723632812,51.000545501708984,11.53364372253418,0.0,45.54545593261719,300.0,438610112.0,682173.0,404.0,0.0
627.8435668945312,0.0,649.3135986328125,51.000545501708984,11.53364372253418,0.0,45.54545593261719,300.0,438616704.0,688785.0,404.0,0.0
597.4613647460938,0.0,651.3391723632812,52.84420394897461,11.514328002929688,0.0,45.54545593261719,300.0,438622112.0,694175.0,404.0,0.0
612.8550415039062,0.0,656.2003784179688,52.84420394897461,11.514328002929688,0.0,45.54545593261719,300.0,438628032.0,700108.0,404.0,0.0
614.475341796875,0.0,653.7697143554688,54.423492431640625,11.54085922241211,0.0,45.54545593261719,300.0,438634272.0,706334.0,404.0,0.0
654.5799560546875,0.0,657.010498046875,54.423492431640625,11.54085922241211,0.0,45.54545593261719,300.0,438640256.0,712319.0,404.0,0.0
619.74169921875,0.0,655.7952270507812,55.97714614868164,11.551750183105469,0.0,45.54545593261719,300.0,438646080.0,718140.0,404.0,0.0
647.2882080078125,0.0,657.4155883789062,55.97714614868164,11.551750183105469,0.0,45.54545593261719,300.0,438652704.0,724789.0,404.0,0.0
644.0474243164062,0.0,650.1238403320312,57.101402282714844,11.551750183105469,0.0,45.54545593261719,300.0,438658016.0,730084.0,404.0,0.0
592.6002197265625,0.0,652.9595336914062,57.101402282714844,11.551750183105469,0.0,45.54545593261719,300.0,438664288.0,736366.0,404.0,0.0
664.707275390625,0.0,656.2003784179688,57.972190856933594,11.551750183105469,0.0,45.54545593261719,300.0,438670208.0,742290.0,404.0,0.0
646.47802734375,0.0,655.7952270507812,57.972190856933594,11.551750183105469,0.0,45.54545593261719,300.0,438676192.0,748262.0,404.0,0.0
611.6396484375,0.0,663.4920043945312,58.846961975097656,11.551750183105469,0.0,45.54545593261719,300.0,438682272.0,754339.0,404.0,0.0
584.498291015625,0.0,660.251220703125,58.846961975097656,11.551750183105469,0.0,45.54545593261719,300.0,438688640.0,760730.0,404.0,0.0
669.9736328125,0.0,670.3787231445312,59.751033782958984,11.5910062789917,0.0,45.54545593261719,300.0,438695072.0,767147.0,404.0,0.0
679.6959228515625,0.0,659.0360107421875,59.751033782958984,11.62576675415039,0.0,45.54545593261719,300.0,438701728.0,773816.0,404.0,0.0
650.5289916992188,0.0,660.6563110351562,60.43839645385742,11.62576675415039,0.0,45.54545593261719,300.0,438708128.0,780212.0,404.0,0.0
658.630859375,0.0,659.0360107421875,61.35466766357422,11.668746948242188,0.0,45.54545593261719,300.0,438714816.0,786897.0,404.0,0.0
606.3734130859375,0.0,653.3646240234375,61.35466766357422,11.668746948242188,0.0,45.54545593261719,300.0,438720000.0,792084.0,404.0,0.0
592.6002197265625,0.0,659.84619140625,61.35466766357422,11.650532722473145,0.0,45.54545593261719,300.0,438726144.0,798218.0,404.0,0.0
604.7530517578125,0.0,695.8997192382812,62.10725402832031,11.650532722473145,0.0,45.54545593261719,300.0,438732256.0,804339.0,404.0,0.0
630.6792602539062,0.0,659.4410400390625,62.10725402832031,11.633469581604004,0.0,45.40909194946289,300.0,438738208.0,810274.0,404.0,0.0
639.9963989257812,0.0,660.251220703125,62.8006591796875,11.633469581604004,0.0,45.40909194946289,300.0,438744224.0,816296.0,404.0,0.0
632.2996215820312,0.0,659.84619140625,63.192020416259766,11.659571647644043,0.0,45.40909194946289,300.0,438750752.0,822821.0,404.0,0.0
592.1950073242188,0.0,657.8206787109375,63.192020416259766,11.659571647644043,0.0,45.40909194946289,300.0,438757216.0,829287.0,404.0,0.0
582.4727172851562,0.0,657.010498046875,63.4576301574707,11.666046142578125,0.0,45.40909194946289,300.0,438763808.0,835888.0,404.0,0.0
672.4041748046875,0.0,664.3021850585938,63.4576301574707,11.666046142578125,0.0,45.40909194946289,300.0,438769088.0,841170.0,404.0,0.0
677.2653198242188,0.0,656.2003784179688,63.97903060913086,11.642176628112793,0.0,45.40909194946289,300.0,438775264.0,847344.0,404.0,0.0
693.0640869140625,0.0,658.630859375,63.97903060913086,11.642176628112793,0.0,45.40909194946289,300.0,438781280.0,853366.0,404.0,0.0
682.9366455078125,0.0,655.39013671875,64.21388244628906,11.625785827636719,0.0,45.40909194946289,300.0,438787008.0,859095.0,404.0,0.0
683.3417358398438,0.0,655.7952270507812,64.21388244628906,11.625785827636719,0.0,45.40909194946289,300.0,438793088.0,865170.0,404.0,0.0
625.4130249023438,0.0,659.4410400390625,64.28138732910156,11.617673873901367,0.0,45.40909194946289,300.0,438799552.0,871640.0,404.0,0.0
693.8743286132812,0.0,662.2767333984375,64.28138732910156,11.595784187316895,0.0,45.40909194946289,300.0,438806240.0,878313.0,404.0,0.0
618.5264282226562,0.0,657.010498046875,64.67527770996094,11.595784187316895,0.0,45.40909194946289,300.0,438812736.0,884824.0,404.0,0.0
610.4243774414062,0.0,655.7952270507812,64.67527770996094,11.583897590637207,0.0,45.40909194946289,300.0,438818144.0,890206.0,404.0,0.0
659.84619140625,0.0,658.630859375,64.59480285644531,11.583897590637207,0.0,45.40909194946289,300.0,438824096.0,896182.0,404.0,0.0
671.593994140625,0.0,657.8206787109375,64.59480285644531,11.577823638916016,0.0,45.40909194946289,300.0,438830016.0,902107.0,404.0,0.0
679.290771484375,0.0,658.2257690429688,64.69951629638672,11.577823638916016,0.0,45.40909194946289,300.0,438836256.0,908328.0,404.0,0.0
657.010498046875,0.0,657.8206787109375,64.69951629638672,11.543793678283691,0.0,45.40909194946289,300.0,438842208.0,914269.0,404.0,0.0
571.130126953125,0.0,655.7952270507812,64.84904479980469,11.543793678283691,0.0,45.40909194946289,300.0,438848544.0,920615.0,404.0,0.0
602.7276611328125,0.0,662.6818237304688,64.84904479980469,11.530952453613281,0.0,45.40909194946289,300.0,438855232.0,927291.0,404.0,0.0
568.29443359375,0.0,655.39013671875,64.70018768310547,11.530952453613281,0.0,45.40909194946289,300.0,438861760.0,933849.0,404.0,0.0
661.466552734375,0.0,654.9849853515625,64.70018768310547,11.548513412475586,0.0,45.272727966308594,300.0,438868480.0,940552.0,404.0,0.0
601.9174194335938,0.0,654.9849853515625,64.73807525634766,11.548513412475586,0.0,45.272727966308594,300.0,438874848.0,946927.0,404.0,0.0
646.0728759765625,0.0,655.39013671875,64.73807525634766,11.5316743850708,0.0,45.272727966308594,300.0,438880032.0,952110.0,404.0,0.0
643.6423950195312,0.0,631.4893798828125,64.63408660888672,11.5316743850708,0.0,45.272727966308594,300.0,438886112.0,958184.0,404.0,0.0
618.1212768554688,0.0,655.39013671875,64.63408660888672,11.516521453857422,0.0,45.272727966308594,300.0,438892032.0,964112.0,404.0,0.0
545.2039794921875,0.0,654.9849853515625,64.78697204589844,11.516521453857422,0.0,45.272727966308594,300.0,438898112.0,970188.0,404.0,0.0
590.1696166992188,0.0,628.2486572265625,64.78697204589844,11.5371732711792,0.0,45.272727966308594,300.0,438904224.0,976305.0,404.0,0.0
629.058837890625,0.0,654.9849853515625,64.56674194335938,11.552530288696289,0.0,45.1363639831543,300.0,438910720.0,982798.0,404.0,0.0
632.7046508789062,0.0,655.39013671875,64.56674194335938,11.552530288696289,0.0,45.1363639831543,300.0,438916064.0,988150.0,404.0,0.0
644.857666015625,0.0,653.7697143554688,64.61087799072266,11.550434112548828,0.0,45.1363639831543,300.0,438922208.0,994269.0,404.0,0.0
570.7249755859375,0.0,653.7697143554688,64.61087799072266,11.550434112548828,0.0,45.1363639831543,300.0,438928224.0,1000290.0,404.0,0.0
605.158203125,0.0,651.7442626953125,64.62039184570312,11.568794250488281,0.0,45.1363639831543,0.0,438934208.0,3863.0,404.0,0.0
644.0474243164062,0.0,652.9595336914062,64.62039184570312,11.568794250488281,0.0,45.1363639831543,0.0,438940128.0,9795.0,404.0,0.0
571.9403076171875,0.0,654.5799560546875,64.49163818359375,11.590254783630371,0.0,45.1363639831543,0.0,438946464.0,16133.0,404.0,0.0
599.48681640625,0.0,651.7442626953125,64.49163818359375,11.590254783630371,0.0,45.1363639831543,0.0,438953152.0,22826.0,404.0,0.0
543.5835571289062,0.0,650.5289916992188,63.78722381591797,11.597636222839355,0.0,45.1363639831543,0.0,438959680.0,29337.0,404.0,0.0
598.2715454101562,0.0,650.9340209960938,63.78722381591797,11.597636222839355,0.0,45.1363639831543,0.0,438965056.0,34714.0,404.0,0.0
625.0078735351562,0.0,650.9340209960938,63.85054016113281,11.610818862915039,0.0,45.1363639831543,0.0,438971168.0,40852.0,404.0,0.0
619.3366088867188,0.0,651.3391723632812,63.85054016113281,11.610818862915039,0.0,45.1363639831543,0.0,438977216.0,46883.0,404.0,0.0
616.0957641601562,0.0,654.1748046875,63.754146575927734,11.634074211120605,0.0,45.1363639831543,0.0,438983200.0,52871.0,404.0,0.0
613.2600708007812,0.0,650.5289916992188,63.754146575927734,11.634074211120605,0.0,45.1363639831543,0.0,438989184.0,58857.0,404.0,0.0
604.7530517578125,0.0,648.5034790039062,63.46233367919922,11.632562637329102,0.0,45.1363639831543,0.0,438995680.0,65348.0,404.0,0.0
589.7644653320312,0.0,649.71875,63.46233367919922,11.632562637329102,0.0,45.1363639831543,0.0,439001056.0,70719.0,404.0,0.0
556.1415405273438,0.0,648.5034790039062,63.32691955566406,11.635468482971191,0.0,45.1363639831543,0.0,439007168.0,76837.0,404.0,0.0
574.7759399414062,0.0,649.3135986328125,63.32691955566406,11.635468482971191,0.0,45.1363639831543,0.0,439013184.0,82864.0,404.0,0.0
575.5861206054688,0.0,654.5799560546875,63.2544059753418,11.647100448608398,0.0,45.1363639831543,0.0,439019264.0,88939.0,404.0,0.0
618.1212768554688,0.0,649.3135986328125,63.2544059753418,11.647100448608398,0.0,45.1363639831543,0.0,439025056.0,94735.0,404.0,0.0
612.4498901367188,0.0,647.6932983398438,62.846920013427734,11.647100448608398,0.0,45.1363639831543,0.0,439031520.0,101190.0,404.0,0.0
552.9007568359375,0.0,650.5289916992188,61.784481048583984,11.647100448608398,0.0,45.1363639831543,0.0,439038176.0,107847.0,404.0,0.0
581.6625366210938,0.0,648.5034790039062,61.784481048583984,11.647100448608398,0.0,45.1363639831543,0.0,439044544.0,114214.0,404.0,0.0
563.4332885742188,0.0,640.806640625,62.331668853759766,11.62750244140625,0.0,45.1363639831543,0.0,439050016.0,119700.0,404.0,0.0
605.158203125,0.0,659.84619140625,62.331668853759766,11.62750244140625,0.0,45.1363639831543,0.0,439056192.0,125871.0,404.0,0.0
603.5377807617188,0.0,639.9963989257812,62.716670989990234,11.615012168884277,0.0,45.1363639831543,0.0,439062016.0,131696.0,404.0,0.0
539.9376831054688,0.0,646.883056640625,62.716670989990234,11.615012168884277,0.0,45.1363639831543,0.0,439068128.0,137811.0,404.0,0.0
582.0676879882812,0.0,650.9340209960938,62.43571090698242,11.594857215881348,0.0,45.1363639831543,0.0,439074272.0,143936.0,404.0,0.0
552.090576171875,0.0,651.7442626953125,62.43571090698242,11.594857215881348,0.0,45.1363639831543,0.0,439080640.0,150304.0,404.0,0.0
540.7478637695312,0.0,647.6932983398438,62.22700881958008,11.576282501220703,0.0,45.1363639831543,0.0,439087008.0,156665.0,404.0,0.0
566.674072265625,0.0,645.2627563476562,62.22700881958008,11.576282501220703,0.0,45.1363639831543,0.0,439092096.0,161773.0,404.0,0.0
546.01416015625,0.0,646.883056640625,61.140899658203125,11.580056190490723,0.0,45.1363639831543,0.0,439098176.0,167842.0,404.0,0.0
544.393798828125,0.0,652.9595336914062,61.140899658203125,11.580056190490723,0.0,45.1363639831543,0.0,439104256.0,173917.0,404.0,0.0
573.9657592773438,0.0,650.1238403320312,61.202816009521484,11.557084083557129,0.0,45.1363639831543,0.0,439110176.0,179846.0,404.0,0.0
629.4639892578125,0.0,649.71875,61.202816009521484,11.557084083557129,0.0,45.1363639831543,0.0,439116544.0,186207.0,404.0,0.0
582.0676879882812,0.0,646.883056640625,61.06026840209961,11.552082061767578,0.0,45.1363639831543,0.0,439122944.0,192612.0,404.0,0.0
544.393798828125,0.0,654.5799560546875,61.06026840209961,11.552082061767578,0.0,45.1363639831543,0.0,439128032.0,197715.0,404.0,0.0
552.9007568359375,0.0,651.3391723632812,62.24158477783203,11.542535781860352,0.0,45.1363639831543,0.0,439134080.0,203743.0,404.0,0.0
562.6231079101562,0.0,646.883056640625,62.24158477783203,11.542535781860352,0.0,45.1363639831543,0.0,439140128.0,209810.0,404.0,0.0
546.8243408203125,0.0,645.2627563476562,61.758846282958984,11.539640426635742,0.0,45.1363639831543,0.0,439146080.0,215741.0,404.0,0.0
546.419189453125,0.0,648.098388671875,61.758846282958984,11.539640426635742,0.0,45.1363639831543,0.0,439152448.0,222112.0,404.0,0.0
560.5975341796875,0.0,645.6677856445312,60.96392822265625,11.535935401916504,0.0,45.1363639831543,0.0,439158912.0,228586.0,404.0,0.0
528.1898803710938,0.0,646.883056640625,60.96392822265625,11.535935401916504,0.0,45.1363639831543,0.0,439164288.0,233959.0,404.0,0.0
523.3287963867188,0.0,644.0474243164062,60.206382751464844,11.544076919555664,0.0,45.1363639831543,0.0,439170112.0,239785.0,404.0,0.0
533.8612060546875,0.0,647.2882080078125,60.206382751464844,11.544076919555664,0.0,45.1363639831543,0.0,439176128.0,245806.0,404.0,0.0
535.88671875,0.0,636.3505859375,60.31734848022461,11.547636032104492,0.0,45.1363639831543,0.0,439182048.0,251733.0,404.0,0.0
530.6204833984375,0.0,642.8321533203125,60.31734848022461,11.550911903381348,0.0,45.1363639831543,0.0,439188384.0,258053.0,404.0,0.0
567.0791015625,0.0,643.6423950195312,59.867069244384766,11.550911903381348,0.0,45.1363639831543,0.0,439194880.0,264542.0,404.0,0.0
591.3848876953125,0.0,644.4525756835938,59.867069244384766,11.562963485717773,0.0,45.1363639831543,0.0,439200224.0,269908.0,404.0,0.0
616.906005859375,0.0,649.3135986328125,60.20038604736328,11.562963485717773,0.0,45.1363639831543,0.0,439206176.0,275836.0,404.0,0.0
532.6459350585938,0.0,648.5034790039062,60.20038604736328,11.575512886047363,0.0,45.1363639831543,0.0,439212128.0,281801.0,404.0,0.0
561.8128662109375,0.0,636.755615234375,62.058048248291016,11.575512886047363,0.0,45.1363639831543,0.0,439218112.0,287778.0,404.0,0.0
566.674072265625,0.0,644.4525756835938,62.058048248291016,11.579490661621094,0.0,45.1363639831543,0.0,439224160.0,293834.0,404.0,0.0
534.266357421875,0.0,644.0474243164062,63.38821792602539,11.579490661621094,0.0,45.1363639831543,0.0,439230624.0,300296.0,404.0,0.0
532.2407836914062,0.0,644.4525756835938,63.38821792602539,11.590703964233398,0.0,45.1363639831543,0.0,439236032.0,305697.0,404.0,0.0
561.8128662109375,0.0,644.0474243164062,61.12042999267578,11.590703964233398,0.0,45.1363639831543,0.0,439242112.0,311774.0,404.0,0.0
542.3682250976562,0.0,644.0474243164062,61.12042999267578,11.606626510620117,0.0,45.1363639831543,0.0,439248064.0,317740.0,404.0,0.0
542.3682250976562,0.0,650.1238403320312,59.5624885559082,11.606626510620117,0.0,45.1363639831543,0.0,439254144.0,323813.0,404.0,0.0
526.974609375,0.0,640.4015502929688,59.5624885559082,11.602784156799316,0.0,45.1363639831543,0.0,439260192.0,329853.0,404.0,0.0
546.01416015625,0.0,641.6168212890625,59.00341033935547,11.602784156799316,0.0,45.1363639831543,0.0,439266528.0,336195.0,404.0,0.0
587.7390747070312,0.0,649.3135986328125,59.00341033935547,11.606304168701172,0.0,45.1363639831543,0.0,439273280.0,342941.0,404.0,0.0
515.226806640625,0.0,642.4269409179688,58.6746940612793,11.606304168701172,0.0,45.1363639831543,0.0,439279808.0,349472.0,404.0,0.0
551.6854858398438,0.0,640.806640625,58.6746940612793,11.61819076538086,0.0,45.1363639831543,0.0,439285088.0,354770.0,404.0,0.0
552.090576171875,0.0,638.7811279296875,60.12874984741211,11.61819076538086,0.0,45.1363639831543,0.0,439291168.0,360854.0,404.0,0.0
567.0791015625,0.0,672.8092651367188,60.12874984741211,11.615148544311523,0.0,45.1363639831543,0.0,439297248.0,366922.0,404.0,0.0
562.6231079101562,0.0,643.6423950195312,60.9113655090332,11.615148544311523,0.0,45.1363639831543,0.0,439303136.0,372795.0,404.0,0.0
576.3963623046875,0.0,636.3505859375,60.9113655090332,11.603515625,0.0,45.1363639831543,0.0,439309248.0,378912.0,404.0,0.0
559.38232421875,0.0,641.2117309570312,62.04657745361328,11.603515625,0.0,45.1363639831543,0.0,439315552.0,385209.0,404.0,0.0
556.9517211914062,0.0,642.02197265625,62.04657745361328,11.599674224853516,0.0,45.1363639831543,0.0,439322272.0,391937.0,404.0,0.0
518.0625,0.0,641.2117309570312,61.60151672363281,11.609064102172852,0.0,45.1363639831543,0.0,439328800.0,398456.0,404.0,0.0
548.4447631835938,0.0,640.806640625,61.60151672363281,11.609064102172852,0.0,45.1363639831543,0.0,439334112.0,403784.0,404.0,0.0
563.0281372070312,0.0,641.6168212890625,59.53675079345703,11.59277057647705,0.0,45.1363639831543,0.0,439340160.0,409816.0,404.0,0.0
547.2294311523438,0.0,638.7811279296875,59.53675079345703,11.59277057647705,0.0,45.1363639831543,0.0,439346208.0,415888.0,404.0,0.0
555.3313598632812,0.0,640.4015502929688,59.0510139465332,11.573738098144531,0.0,45.0,0.0,439352192.0,421860.0,404.0,0.0
530.6204833984375,0.0,645.2627563476562,59.0510139465332,11.573738098144531,0.0,45.0,0.0,439358080.0,427738.0,404.0,0.0
538.3173217773438,0.0,641.2117309570312,59.30406188964844,11.575658798217773,0.0,45.0,0.0,439364576.0,434262.0,404.0,0.0
551.2803955078125,0.0,649.3135986328125,59.30406188964844,11.575658798217773,0.0,45.0,0.0,439371008.0,440679.0,404.0,0.0
550.0651245117188,0.0,639.1862182617188,60.192012786865234,11.567731857299805,0.0,45.0,0.0,439377504.0,447179.0,404.0,0.0
514.8217163085938,0.0,638.3760375976562,60.192012786865234,11.567731857299805,0.0,45.0,0.0,439383040.0,452698.0,404.0,0.0
516.0369873046875,0.0,639.1862182617188,60.01328659057617,11.559833526611328,0.0,45.0,0.0,439389248.0,458925.0,404.0,0.0
525.3541870117188,0.0,639.1862182617188,60.01328659057617,11.559833526611328,0.0,45.0,0.0,439395136.0,464814.0,404.0,0.0
520.898193359375,0.0,639.9963989257812,59.90898513793945,11.559833526611328,0.0,45.0,0.0,439401280.0,470948.0,404.0,0.0
527.3797607421875,0.0,646.47802734375,59.90898513793945,11.559833526611328,0.0,45.0,0.0,439407040.0,476700.0,404.0,0.0
520.898193359375,0.0,639.1862182617188,58.42583084106445,11.546368598937988,0.0,45.0,0.0,439413632.0,483287.0,404.0,0.0
522.9236450195312,0.0,637.9710083007812,58.42583084106445,11.546368598937988,0.0,45.0,0.0,439420064.0,489742.0,404.0,0.0
518.0625,0.0,637.5658569335938,59.10786819458008,11.540185928344727,0.0,45.0,0.0,439426656.0,496320.0,404.0,0.0
538.7223510742188,0.0,638.3760375976562,58.8204460144043,11.551886558532715,0.0,45.0,0.0,439433152.0,502832.0,404.0,0.0
531.4306030273438,0.0,637.9710083007812,58.8204460144043,11.551886558532715,0.0,45.0,0.0,439439616.0,509301.0,404.0,0.0
542.3682250976562,0.0,642.4269409179688,58.00702667236328,11.550200462341309,0.0,45.0,0.0,439445184.0,514856.0,404.0,0.0
572.75048828125,0.0,639.9963989257812,58.00702667236328,11.550200462341309,0.0,45.0,0.0,439451264.0,520934.0,404.0,0.0
550.4701538085938,0.0,637.9710083007812,57.99911880493164,11.53975772857666,0.0,45.0,0.0,439457344.0,527014.0,404.0,0.0
539.12744140625,0.0,638.3760375976562,57.99911880493164,11.53975772857666,0.0,45.0,0.0,439463232.0,532897.0,404.0,0.0
531.0255737304688,0.0,638.7811279296875,58.49989700317383,11.554139137268066,0.0,45.0,0.0,439469152.0,538827.0,404.0,0.0
528.594970703125,0.0,637.9710083007812,58.49989700317383,11.554139137268066,0.0,45.0,0.0,439475680.0,545338.0,404.0,0.0
548.8497924804688,0.0,636.755615234375,58.84727096557617,11.569613456726074,0.0,45.0,0.0,439482176.0,551853.0,404.0,0.0
514.8217163085938,0.0,638.7811279296875,58.84727096557617,11.569613456726074,0.0,45.0,0.0,439488800.0,558458.0,404.0,0.0
504.2892150878906,0.0,637.9710083007812,58.521602630615234,11.565791130065918,0.0,45.0,0.0,439494112.0,563793.0,404.0,0.0
521.7083740234375,0.0,637.5658569335938,58.521602630615234,11.565791130065918,0.0,45.0,0.0,439500000.0,569673.0,404.0,0.0
519.682861328125,0.0,637.1607666015625,58.2935676574707,11.56606388092041,0.0,45.0,0.0,439506208.0,575892.0,404.0,0.0
489.7056884765625,0.0,637.1607666015625,58.2935676574707,11.56606388092041,0.0,45.0,0.0,439512032.0,581717.0,404.0,0.0
516.4420776367188,0.0,635.13525390625,57.78850173950195,11.578779220581055,0.0,45.0,0.0,439518144.0,587824.0,404.0,0.0
490.9210205078125,0.0,636.755615234375,57.78850173950195,11.590557098388672,0.0,45.0,0.0,439524640.0,594301.0,404.0,0.0
505.5044860839844,0.0,636.3505859375,58.67464065551758,11.590557098388672,0.0,45.0,0.0,439531104.0,600786.0,404.0,0.0
543.178466796875,0.0,637.1607666015625,58.67464065551758,11.590265274047852,0.0,45.0,0.0,439537600.0,607279.0,404.0,0.0
500.2382507324219,0.0,638.3760375976562,58.82716369628906,11.590265274047852,0.0,45.0,0.0,439543168.0,612837.0,404.0,0.0
520.898193359375,0.0,636.755615234375,58.82716369628906,11.592576026916504,0.0,45.0,0.0,439549056.0,618712.0,404.0,0.0
558.9771728515625,0.0,636.755615234375,58.882259368896484,11.592576026916504,0.0,45.0,0.0,439555264.0,624925.0,404.0,0.0
545.6090087890625,0.0,635.5403442382812,58.882259368896484,11.58669662475586,0.0,45.0,0.0,439561152.0,630810.0,404.0,0.0
514.4165649414062,0.0,635.9454345703125,59.09318923950195,11.58669662475586,0.0,45.0,0.0,439567264.0,636941.0,404.0,0.0
522.1134643554688,0.0,640.4015502929688,59.09318923950195,11.599703788757324,0.0,45.0,0.0,439573696.0,643369.0,404.0,0.0
489.7056884765625,0.0,635.13525390625,59.06031799316406,11.599703788757324,0.0,45.0,0.0,439579040.0,648713.0,404.0,0.0
512.3911743164062,0.0,636.3505859375,59.06031799316406,11.607309341430664,0.0,45.0,0.0,439585280.0,654945.0,404.0,0.0
498.2127990722656,0.0,635.13525390625,58.38148498535156,11.607309341430664,0.0,45.0,0.0,439591200.0,660884.0,404.0,0.0
497.4026184082031,0.0,633.9200439453125,58.38148498535156,11.59160041809082,0.0,45.0,0.0,439597152.0,666811.0,404.0,0.0
520.898193359375,0.0,633.9200439453125,57.91957473754883,11.59160041809082,0.0,45.0,0.0,439603200.0,672876.0,404.0,0.0
529.8102416992188,0.0,634.730224609375,57.91957473754883,11.572948455810547,0.0,45.0,0.0,439609664.0,679339.0,404.0,0.0
513.2013549804688,0.0,639.1862182617188,58.041603088378906,11.572948455810547,0.0,45.0,0.0,439615008.0,684673.0,404.0,0.0
496.5924072265625,0.0,634.730224609375,58.041603088378906,11.58974838256836,0.0,45.0,0.0,439621216.0,690888.0,404.0,0.0
500.2382507324219,0.0,634.3250732421875,58.26839828491211,11.58974838256836,0.0,45.0,0.0,439627168.0,696826.0,404.0,0.0
510.3656005859375,0.0,633.9200439453125,58.26839828491211,11.5852632522583,0.0,45.0,0.0,439633088.0,702761.0,404.0,0.0
507.93505859375,0.0,642.02197265625,58.37812423706055,11.5852632522583,0.0,45.0,0.0,439639264.0,708944.0,404.0,0.0
516.4420776367188,0.0,632.7046508789062,58.37812423706055,11.56393814086914,0.0,45.0,0.0,439645440.0,715096.0,404.0,0.0
521.7083740234375,0.0,634.730224609375,57.884376525878906,11.558605194091797,0.0,45.0,0.0,439652096.0,721766.0,404.0,0.0
504.69427490234375,0.0,640.4015502929688,57.884376525878906,11.558605194091797,0.0,45.0,0.0,439658624.0,728279.0,404.0,0.0
509.150390625,0.0,633.1098022460938,58.02806091308594,11.55786418914795,0.0,45.0,0.0,439665152.0,734837.0,404.0,0.0
482.0089111328125,0.0,632.7046508789062,58.02806091308594,11.55786418914795,0.0,45.0,0.0,439671584.0,741267.0,404.0,0.0
487.68023681640625,0.0,633.1098022460938,58.04243087768555,11.552033424377441,0.0,45.0,0.0,439677024.0,746695.0,404.0,0.0
502.2637939453125,0.0,632.2996215820312,58.04243087768555,11.552033424377441,0.0,45.0,0.0,439683168.0,752824.0,404.0,0.0
512.7962036132812,0.0,630.6792602539062,57.663063049316406,11.54906940460205,0.0,45.0,0.0,439689248.0,758905.0,404.0,0.0
499.4280700683594,0.0,631.4893798828125,57.663063049316406,11.54906940460205,0.0,45.0,0.0,439695136.0,764792.0,404.0,0.0
512.3911743164062,0.0,630.6792602539062,57.56186294555664,11.541297912597656,0.0,45.0,0.0,439701120.0,770780.0,404.0,0.0
521.30322265625,0.0,636.755615234375,57.56186294555664,11.541297912597656,0.0,45.0,0.0,439707552.0,777219.0,404.0,0.0
512.7962036132812,0.0,636.755615234375,58.13127899169922,11.53458023071289,0.0,45.0,0.0,439714016.0,783697.0,404.0,0.0
531.4306030273438,0.0,633.1098022460938,58.34690856933594,11.53458023071289,0.0,45.0,0.0,439720576.0,790247.0,404.0,0.0
509.9605407714844,0.0,637.1607666015625,58.34690856933594,11.548093795776367,0.0,45.0,0.0,439727040.0,796711.0,404.0,0.0
502.6688537597656,0.0,635.13525390625,58.0263557434082,11.553115844726562,0.0,45.0,0.0,439733792.0,803450.0,404.0,0.0
508.7452392578125,0.0,631.0844116210938,58.0263557434082,11.553115844726562,0.0,45.0,0.0,439739104.0,808786.0,404.0,0.0
497.80767822265625,0.0,631.4893798828125,57.879520416259766,11.538158416748047,0.0,45.0,0.0,439745056.0,814722.0,404.0,0.0
503.8840637207031,0.0,629.058837890625,57.879520416259766,11.538158416748047,0.0,45.0,0.0,439751296.0,820952.0,404.0,0.0
509.9605407714844,0.0,630.6792602539062,57.438697814941406,11.538158416748047,0.0,45.0,0.0,439757184.0,826843.0,404.0,0.0
524.9491577148438,0.0,631.4893798828125,57.438697814941406,11.538158416748047,0.0,45.0,0.0,439763200.0,832871.0,404.0,0.0
496.5924072265625,0.0,631.89453125,57.1672477722168,11.538158416748047,0.0,45.0,0.0,439769696.0,839379.0,404.0,0.0
506.7197570800781,0.0,631.0844116210938,57.1672477722168,11.538158416748047,0.0,45.0,0.0,439776160.0,845826.0,404.0,0.0
518.8726806640625,0.0,635.13525390625,57.167144775390625,11.570423126220703,0.0,45.0,0.0,439782720.0,852401.0,404.0,0.0
472.69171142578125,0.0,629.8690185546875,57.167144775390625,11.570423126220703,0.0,45.0,0.0,439788000.0,857684.0,404.0,0.0
507.93505859375,0.0,629.4639892578125,57.41053009033203,11.562007904052734,0.0,45.0,0.0,439794080.0,863753.0,404.0,0.0
495.3771057128906,0.0,630.274169921875,57.41053009033203,11.562007904052734,0.0,45.0,0.0,439800160.0,869821.0,404.0,0.0
496.9974670410156,0.0,629.8690185546875,57.38034439086914,11.571290016174316,0.0,45.0,0.0,439806208.0,875889.0,404.0,0.0
501.4535827636719,0.0,630.274169921875,57.38034439086914,11.571290016174316,0.0,45.0,0.0,439812032.0,881712.0,404.0,0.0
486.87005615234375,0.0,629.4639892578125,57.54180908203125,11.589757919311523,0.0,45.0,0.0,439818592.0,888278.0,404.0,0.0
486.87005615234375,0.0,629.8690185546875,57.54180908203125,11.589757919311523,0.0,45.0,0.0,439824160.0,893836.0,404.0,0.0
488.0853576660156,0.0,629.8690185546875,57.44887924194336,11.586150169372559,0.0,45.0,0.0,439830048.0,899709.0,404.0,0.0
492.9465026855469,0.0,631.89453125,57.44887924194336,11.586150169372559,0.0,45.0,0.0,439836096.0,905781.0,404.0,0.0
512.7962036132812,0.0,628.6537475585938,57.297855377197266,11.585799217224121,0.0,45.0,0.0,439842240.0,911901.0,404.0,0.0
503.8840637207031,0.0,630.274169921875,57.297855377197266,11.585799217224121,0.0,45.0,0.0,439848064.0,917727.0,404.0,0.0
504.69427490234375,0.0,631.0844116210938,57.349334716796875,11.582727432250977,0.0,45.0,0.0,439854624.0,924286.0,404.0,0.0
498.2127990722656,0.0,629.4639892578125,57.349334716796875,11.581957817077637,0.0,45.0,0.0,439861024.0,930689.0,404.0,0.0
514.8217163085938,0.0,633.1098022460938,57.619903564453125,11.581957817077637,0.0,45.0,0.0,439867552.0,937214.0,404.0,0.0
488.89556884765625,0.0,628.6537475585938,57.619903564453125,11.582347869873047,0.0,45.0,0.0,439873024.0,942704.0,404.0,0.0
501.858642578125,0.0,631.4893798828125,57.891510009765625,11.582347869873047,0.0,45.0,0.0,439879264.0,948920.0,404.0,0.0
510.3656005859375,0.0,627.4384765625,57.891510009765625,11.580368041992188,0.0,45.0,0.0,439885184.0,954845.0,404.0,0.0
499.4280700683594,0.0,628.6537475585938,57.67396926879883,11.580368041992188,0.0,45.0,0.0,439891104.0,960767.0,404.0,0.0
494.1618347167969,0.0,626.6282958984375,57.67396926879883,11.561588287353516,0.0,45.0,0.0,439897024.0,966698.0,404.0,0.0
492.5414733886719,0.0,628.2486572265625,57.48185348510742,11.561588287353516,0.0,45.0,0.0,439903456.0,973135.0,404.0,0.0
518.4675903320312,0.0,626.6282958984375,57.48185348510742,11.560535430908203,0.0,45.0,0.0,439909088.0,978753.0,404.0,0.0
486.4649658203125,0.0,628.2486572265625,57.77537536621094,11.560535430908203,0.0,45.0,0.0,439915104.0,984780.0,404.0,0.0
500.2382507324219,0.0,626.2232055664062,57.77537536621094,11.569252967834473,0.0,45.0,0.0,439921088.0,990763.0,404.0,0.0
491.73126220703125,0.0,626.2232055664062,57.7681884765625,11.569252967834473,0.0,45.0,0.0,439927040.0,996695.0,404.0,0.0
480.38848876953125,0.0,628.2486572265625,57.7681884765625,11.551994323730469,0.0,45.0,0.0,439933984.0,1.0,404.0,0.0
489.30059814453125,0.0,630.274169921875,57.59530258178711,11.551994323730469,0.0,45.0,0.0,439940288.0,6297.0,404.0,0.0
493.35162353515625,0.0,629.4639892578125,57.59530258178711,11.534765243530273,0.0,45.0,0.0,439947424.0,13447.0,404.0,0.0
499.0229797363281,0.0,636.3505859375,57.46893310546875,11.540069580078125,0.0,45.0,0.0,439954240.0,20264.0,405.0,0.0
505.5044860839844,0.0,628.2486572265625,57.04439163208008,11.540069580078125,0.0,44.727272033691406,0.0,439960864.0,26881.0,405.0,0.0
516.4420776367188,0.0,627.0333862304688,57.04439163208008,11.54866886138916,0.0,44.59090805053711,0.0,439966272.0,32278.0,405.0,0.0
488.0853576660156,0.0,629.4639892578125,56.98531723022461,11.54866886138916,0.0,44.31818389892578,0.0,439973568.0,39588.0,405.0,0.0
491.3260498046875,0.0,631.0844116210938,56.98531723022461,11.531235694885254,0.0,44.181819915771484,0.0,439980544.0,46557.0,405.0,0.0
510.3656005859375,0.0,631.4893798828125,57.26374435424805,11.531235694885254,0.0,44.04545593261719,0.0,439987200.0,53215.0,405.0,0.0
493.7567138671875,0.0,627.8435668945312,57.26374435424805,11.531683921813965,0.0,44.181819915771484,0.0,439993824.0,59817.0,405.0,0.0
505.90960693359375,0.0,625.8180541992188,57.25878143310547,11.531683921813965,0.0,44.181819915771484,0.0,439999584.0,65602.0,405.0,0.0
479.57830810546875,0.0,646.0728759765625,57.25878143310547,11.551984786987305,0.0,44.31818389892578,0.0,440006464.0,72473.0,405.0,0.0
483.2242126464844,0.0,618.9314575195312,57.35750198364258,11.555036544799805,0.0,44.04545593261719,0.0,440013408.0,79425.0,405.0,0.0
467.4255065917969,0.0,613.6651611328125,57.21247100830078,11.555036544799805,0.0,43.772727966308594,0.0,440020064.0,86085.0,405.0,0.0
472.2866516113281,0.0,610.019287109375,57.21247100830078,11.525940895080566,0.0,43.5,0.0,440026240.0,92244.0,405.0,0.0
498.61785888671875,0.0,614.0702514648438,56.3276252746582,11.525940895080566,0.0,42.54545593261719,0.0,440032992.0,99012.0,405.0,0.0
473.50189208984375,0.0,604.7530517578125,56.3276252746582,11.533477783203125,0.0,42.0,0.0,440041376.0,107385.0,405.0,0.0
471.4764404296875,0.0,599.8919067382812,56.09581756591797,11.560544967651367,0.0,41.45454788208008,0.0,440048640.0,114643.0,405.0,0.0
480.38848876953125,0.0,596.651123046875,56.17732238769531,11.560544967651367,0.0,41.181819915771484,0.0,440055744.0,121738.0,405.0,0.0
472.2866516113281,0.0,600.7020874023438,56.17732238769531,11.564367294311523,0.0,41.181819915771484,0.0,440062400.0,128423.0,405.0,0.0
473.09686279296875,0.0,593.8154907226562,55.870933532714844,11.564367294311523,0.0,41.31818389892578,0.0,440068256.0,134253.0,405.0,0.0
491.73126220703125,0.0,591.3848876953125,55.870933532714844,11.522225379943848,0.0,41.45454788208008,0.0,440075168.0,141176.0,405.0,0.0
456.8929443359375,0.0,585.3084106445312,55.315372467041016,11.536578178405762,0.0,41.45454788208008,0.0,440082016.0,148026.0,405.0,0.0
461.75408935546875,0.0,584.0931396484375,55.315372467041016,11.536578178405762,0.0,41.31818389892578,0.0,440090400.0,156404.0,405.0,0.0
454.0572814941406,0.0,580.8524169921875,55.18181610107422,11.574069023132324,0.0,40.90909194946289,0.0,440097632.0,163646.0,405.0,0.0
475.52740478515625,0.0,577.20654296875,55.06056594848633,11.574069023132324,0.0,40.227272033691406,0.0,440104576.0,170599.0,405.0,0.0
462.9693908691406,0.0,575.9912719726562,55.06056594848633,11.574069023132324,0.0,39.54545593261719,0.0,440110016.0,176024.0,405.0,0.0
467.0203552246094,0.0,572.3453979492188,54.642845153808594,11.574069023132324,0.0,38.8636360168457,0.0,440117184.0,183184.0,405.0,0.0
460.1336975097656,0.0,569.1046142578125,54.642845153808594,11.574069023132324,0.0,38.31818389892578,0.0,440124128.0,190128.0,405.0,0.0
456.0827331542969,0.0,566.2689208984375,54.02055740356445,11.574069023132324,0.0,37.772727966308594,0.0,440131072.0,197072.0,405.0,0.0
445.1451721191406,0.0,565.0536499023438,53.509857177734375,11.574069023132324,0.0,37.6363639831543,0.0,440139392.0,205400.0,405.0,0.0
446.7655334472656,0.0,558.9771728515625,53.509857177734375,11.574069023132324,0.0,37.909088134765625,0.0,440146720.0,212736.0,405.0,0.0
450.0063171386719,0.0,555.3313598632812,53.0578727722168,11.545812606811523,0.0,38.181819915771484,0.0,440153600.0,219600.0,405.0,0.0
441.9043884277344,0.0,549.2548828125,53.0578727722168,11.545812606811523,0.0,38.45454788208008,0.0,440160448.0,226456.0,405.0,0.0
432.18206787109375,0.0,547.634521484375,52.481685638427734,11.545812606811523,0.0,38.59090805053711,0.0,440166176.0,232192.0,405.0,0.0
437.4483337402344,0.0,541.9631958007812,52.481685638427734,11.545812606811523,0.0,38.59090805053711,0.0,440172992.0,239002.0,405.0,0.0
420.8393859863281,0.0,531.8357543945312,51.92069625854492,11.545812606811523,0.0,38.31818389892578,0.0,440178528.0,244542.0,405.0,0.0
422.45977783203125,0.0,529.8102416992188,51.92069625854492,11.545812606811523,0.0,37.772727966308594,0.0,440185280.0,251295.0,405.0,0.0
427.72601318359375,0.0,522.1134643554688,51.24119186401367,11.545510292053223,0.0,37.227272033691406,0.0,440191264.0,257284.0,405.0,0.0
404.63555908203125,0.0,509.9605407714844,51.24119186401367,11.57546329498291,0.0,36.95454406738281,0.0,440198048.0,264050.0,405.0,0.0
401.7998352050781,0.0,502.6688537597656,50.30801773071289,11.57546329498291,0.0,36.681819915771484,0.0,440205248.0,271260.0,405.0,0.0
400.9896545410156,0.0,486.4649658203125,49.156837463378906,11.58815860748291,0.0,36.40909194946289,0.0,440212448.0,278464.0,405.0,0.0
384.7857971191406,0.0,478.7680969238281,49.156837463378906,11.58815860748291,0.0,35.727272033691406,0.0,440219264.0,285287.0,405.0,0.0
376.6838684082031,0.0,460.9438781738281,47.98151779174805,11.545373916625977,0.0,35.45454788208008,0.0,440225152.0,291168.0,405.0,0.0
353.99847412109375,0.0,433.3973388671875,47.98151779174805,11.560896873474121,0.0,34.772727966308594,0.0,440232032.0,298040.0,405.0,0.0
346.7068176269531,0.0,420.0292053222656,46.16220474243164,11.560896873474121,0.0,33.95454406738281,0.0,440238880.0,304892.0,405.0,0.0
336.9844665527344,0.0,401.7998352050781,46.16220474243164,11.599498748779297,0.0,33.681819915771484,0.0,440244672.0,310677.0,405.0,0.0
312.67864990234375,0.0,385.1909484863281,43.68013381958008,11.599498748779297,0.0,33.40909194946289,0.0,440251680.0,317684.0,405.0,0.0
307.00732421875,0.0,371.0126037597656,43.68013381958008,11.554363250732422,0.0,33.272727966308594,0.0,440257024.0,323023.0,405.0,0.0
293.2341003417969,0.0,356.8341979980469,40.692169189453125,11.554363250732422,0.0,33.272727966308594,0.0,440264160.0,330162.0,405.0,0.0
281.891357421875,0.0,339.0099182128906,37.87522888183594,11.536822319030762,0.0,33.1363639831543,0.0,440271232.0,337224.0,405.0,0.0
278.24554443359375,0.0,324.426513671875,37.87522888183594,11.536822319030762,0.0,32.8636360168457,0.0,440277568.0,343590.0,405.0,0.0
257.5855712890625,0.0,309.8429870605469,35.07989501953125,11.586920738220215,0.0,32.318180084228516,0.0,440283008.0,349028.0,405.0,0.0
249.48365783691406,0.0,296.06976318359375,35.07989501953125,11.568219184875488,0.0,31.636362075805664,0.0,440290240.0,356242.0,405.0,0.0
228.01356506347656,0.0,270.5486755371094,32.41718292236328,11.568219184875488,0.0,31.09090805053711,0.0,440297344.0,363358.0,405.0,0.0
225.17788696289062,0.0,258.80084228515625,32.41718292236328,11.523834228515625,0.0,30.40909194946289,0.0,440304160.0,370179.0,405.0,0.0
212.21481323242188,0.0,241.786865234375,29.669551849365234,11.523834228515625,0.0,30.272727966308594,0.0,440310144.0,376154.0,405.0,0.0
200.46702575683594,0.0,224.77279663085938,29.669551849365234,11.559443473815918,0.0,30.136363983154297,0.0,440317376.0,383372.0,405.0,0.0
185.883544921875,0.0,200.46702575683594,27.065763473510742,11.559443473815918,0.0,30.272727966308594,0.0,440323168.0,389169.0,405.0,0.0
177.3765411376953,0.0,196.01095581054688,27.065763473510742,11.56998348236084,0.0,30.545454025268555,0.0,440330048.0,396064.0,405.0,0.0
164.8185577392578,0.0,183.8581085205078,24.620439529418945,11.526086807250977,0.0,30.81818199157715,0.0,440336864.0,402883.0,405.0,0.0
154.2860565185547,0.0,172.515380859375,24.620439529418945,11.526086807250977,0.0,30.81818199157715,0.0,440342592.0,408614.0,405.0,0.0
145.3739471435547,0.0,155.5013427734375,22.071331024169922,11.541210174560547,0.0,30.68181800842285,0.0,440349568.0,415564.0,405.0,0.0
136.86691284179688,0.0,160.3625030517578,19.777650833129883,11.541210174560547,0.0,30.40909194946289,0.0,440355040.0,421053.0,405.0,0.0
126.33441162109375,0.0,136.46182250976562,19.777650833129883,11.562631607055664,0.0,29.863637924194336,0.0,440361856.0,427866.0,405.0,0.0
120.66304016113281,0.0,127.14460754394531,17.696500778198242,11.562631607055664,0.0,29.318180084228516,0.0,440368352.0,434348.0,405.0,0.0
114.18152618408203,0.0,118.63758087158203,17.696500778198242,11.526555061340332,0.0,29.045454025268555,0.0,440375392.0,441406.0,405.0,0.0
110.94075775146484,0.0,111.34585571289062,15.740118026733398,11.526555061340332,0.0,28.909090042114258,0.0,440382208.0,448227.0,405.0,0.0
97.16748809814453,0.0,101.21844482421875,15.740118026733398,11.536812782287598,0.0,28.636363983154297,0.0,440389120.0,455137.0,405.0,0.0
89.06555938720703,0.0,88.66046142578125,14.091002464294434,11.577510833740234,0.0,28.227272033691406,0.0,440397568.0,463580.0,405.0,0.0
82.98908996582031,0.0,78.12796783447266,12.659015655517578,11.577510833740234,0.0,27.68181800842285,0.0,440404768.0,470788.0,405.0,0.0
74.88719177246094,0.0,71.64642333984375,12.659015655517578,11.547040939331055,0.0,27.136363983154297,0.0,440411744.0,477741.0,405.0,0.0
72.45661926269531,0.0,66.38017272949219,11.332622528076172,11.547040939331055,0.0,26.59090805053711,0.0,440417152.0,483174.0,405.0,0.0
65.9750747680664,0.0,61.113922119140625,11.332622528076172,11.529401779174805,0.0,26.045454025268555,0.0,440424512.0,490530.0,405.0,0.0
57.46802520751953,0.0,53.82218933105469,10.150739669799805,11.578691482543945,0.0,25.77272605895996,0.0,440431328.0,497338.0,405.0,0.0
59.49353790283203,0.0,50.98651885986328,10.150739669799805,11.578691482543945,0.0,25.636363983154297,0.0,440438112.0,504116.0,405.0,0.0
51.79671096801758,0.0,48.15084457397461,9.06587028503418,11.578691482543945,0.0,25.636363983154297,0.0,440446496.0,512505.0,405.0,0.0
48.555938720703125,0.0,37.2132453918457,8.170167922973633,11.54516887664795,0.0,25.363636016845703,0.0,440453792.0,519795.0,405.0,0.0
44.099853515625,0.0,35.59286117553711,8.170167922973633,11.54516887664795,0.0,24.954545974731445,0.0,440460064.0,526081.0,405.0,0.0
41.66930389404297,0.0,32.3520622253418,7.359178066253662,11.566571235656738,0.0,24.40909194946289,0.0,440467328.0,533347.0,405.0,0.0
37.2132453918457,0.0,21.819589614868164,7.359178066253662,11.566571235656738,0.0,23.318180084228516,0.0,440474144.0,540154.0,405.0,0.0
35.59286117553711,0.0,21.414493560791016,6.72035026550293,11.566571235656738,0.0,22.772727966308594,0.0,440482528.0,548533.0,405.0,0.0
29.516389846801758,0.0,15.33804988861084,6.110105037689209,11.566571235656738,0.0,22.5,0.0,440489760.0,555774.0,405.0,0.0
27.085840225219727,0.0,12.097280502319336,6.110105037689209,11.566571235656738,0.0,22.363636016845703,0.0,440496736.0,562734.0,405.0,0.0
28.706226348876953,0.0,10.476896286010742,5.594391345977783,11.566571235656738,0.0,22.363636016845703,0.0,440502112.0,568114.0,405.0,0.0
23.84507179260254,0.0,7.2360968589782715,5.594391345977783,11.566571235656738,0.0,22.636363983154297,0.0,440509344.0,575360.0,405.0,0.0
21.819589614868164,0.0,3.1851351261138916,5.185149192810059,11.566571235656738,0.0,22.772727966308594,0.0,440516256.0,582274.0,405.0,0.0
18.98388671875,0.0,7.2360968589782715,4.765621185302734,11.558146476745605,0.0,22.772727966308594,0.0,440523072.0,589096.0,405.0,0.0
16.958406448364258,0.0,0.7545868754386902,4.765621185302734,11.558146476745605,0.0,22.5,0.0,440531520.0,597524.0,405.0,0.0
17.36350440979004,0.0,-3.7014715671539307,4.221222400665283,11.558146476745605,0.0,21.954545974731445,0.0,440538752.0,604767.0,405.0,0.0
15.743147850036621,0.0,-5.72695255279541,4.221222400665283,11.57822322845459,0.0,21.272727966308594,0.0,440545600.0,611616.0,405.0,0.0
14.527857780456543,0.0,-4.106567859649658,3.7634997367858887,11.57822322845459,0.0,20.590909957885742,0.0,440551104.0,617102.0,405.0,0.0
10.476896286010742,0.0,-8.562640190124512,3.4204659461975098,11.57822322845459,0.0,19.909090042114258,0.0,440558368.0,624372.0,405.0,0.0
8.451415061950684,0.0,-10.183025360107422,3.4204659461975098,11.57822322845459,0.0,19.363636016845703,0.0,440565376.0,631385.0,405.0,0.0
11.287088394165039,0.0,-11.803409576416016,3.0579469203948975,11.532805442810059,0.0,19.090909957885742,0.0,440572288.0,638295.0,405.0,0.0
8.451415061950684,0.0,-13.42378044128418,3.0579469203948975,11.532805442810059,0.0,19.090909957885742,0.0,440578144.0,644141.0,405.0,0.0
9.26160717010498,0.0,-15.854372024536133,2.792699098587036,11.564191818237305,0.0,19.363636016845703,0.0,440585312.0,651309.0,405.0,0.0
8.451415061950684,0.0,-15.044179916381836,2.792699098587036,11.564191818237305,0.0,19.363636016845703,0.0,440591040.0,657038.0,405.0,0.0
7.641193389892578,0.0,-14.639083862304688,2.7659261226654053,11.560009002685547,0.0,19.5,0.0,440597888.0,663902.0,405.0,0.0
6.831000804901123,0.0,-15.854372024536133,2.7659261226654053,11.525833129882812,0.0,19.363636016845703,0.0,440603392.0,669386.0,405.0,0.0
9.26160717010498,0.0,-21.525720596313477,2.7149131298065186,11.525833129882812,0.0,19.090909957885742,0.0,440610624.0,676636.0,405.0,0.0
8.451415061950684,0.0,-19.5002384185791,2.7149131298065186,11.542360305786133,0.0,18.68181800842285,0.0,440617600.0,683598.0,405.0,0.0
7.641193389892578,0.0,-16.66456413269043,2.6637449264526367,11.542360305786133,0.0,17.72727394104004,0.0,440624480.0,690475.0,405.0,0.0
3.9953272342681885,0.0,-18.690046310424805,2.6696887016296387,11.561257362365723,0.0,17.31818199157715,0.0,440630240.0,696247.0,405.0,0.0
10.88199234008789,0.0,-18.690046310424805,2.6696887016296387,11.561257362365723,0.0,16.772727966308594,0.0,440637184.0,703192.0,405.0,0.0
12.90747356414795,0.0,-15.044179916381836,2.628340482711792,11.536314964294434,0.0,16.09090805053711,0.0,440644160.0,710158.0,405.0,0.0
7.641193389892578,0.0,-21.525720596313477,2.628340482711792,11.542038917541504,0.0,15.954545021057129,0.0,440650112.0,716130.0,405.0,0.0
6.020808696746826,0.0,-15.044179916381836,2.607666492462158,11.542038917541504,0.0,15.954545021057129,0.0,440657120.0,723135.0,405.0,0.0
6.831000804901123,0.0,-17.879852294921875,2.607666492462158,11.568365097045898,0.0,16.22727394104004,0.0,440665504.0,731513.0,405.0,0.0
11.692185401916504,0.0,-16.66456413269043,2.5811522006988525,11.554051399230957,0.0,16.363636016845703,0.0,440672640.0,738660.0,405.0,0.0
12.097280502319336,0.0,-15.854372024536133,2.5847184658050537,11.554051399230957,0.0,16.363636016845703,0.0,440679584.0,745606.0,405.0,0.0
6.020808696746826,0.0,-19.5002384185791,2.5847184658050537,11.54798698425293,0.0,16.22727394104004,0.0,440685088.0,751097.0,405.0,0.0
6.020808696746826,0.0,-19.5002384185791,2.552260160446167,11.54798698425293,0.0,15.818181037902832,0.0,440692384.0,758396.0,405.0,0.0
7.641193389892578,0.0,-15.449275970458984,2.552260160446167,11.576272964477539,0.0,15.136363983154297,0.0,440699296.0,765297.0,405.0,0.0
4.805520057678223,0.0,-11.803409576416016,2.5805835723876953,11.576272964477539,0.0,14.181818008422852,0.0,440706144.0,772153.0,405.0,0.0
5.6157121658325195,0.0,-36.10918426513672,2.576500415802002,11.572558403015137,0.0,13.500000953674316,0.0,440714464.0,780485.0,405.0,0.0
8.046319007873535,0.0,-17.47475814819336,2.576500415802002,11.552783966064453,0.0,13.090909004211426,0.0,440721696.0,787711.0,405.0,0.0
6.020808696746826,0.0,-19.5002384185791,2.5564465522766113,11.552783966064453,0.0,12.818181991577148,0.0,440728768.0,794763.0,405.0,0.0
5.6157121658325195,0.0,-18.284950256347656,2.5564465522766113,11.573036193847656,0.0,12.681818008422852,0.0,440734624.0,800637.0,405.0,0.0
6.831000804901123,0.0,-23.14610481262207,2.5331883430480957,11.573036193847656,0.0,12.954545021057129,0.0,440741696.0,807697.0,405.0,0.0
6.831000804901123,0.0,-19.5002384185791,2.5331883430480957,11.580368041992188,0.0,13.227272033691406,0.0,440747104.0,813127.0,405.0,0.0
4.805520057678223,0.0,-19.905319213867188,2.549675941467285,11.555904388427734,0.0,13.500000953674316,0.0,440754304.0,820321.0,405.0,0.0
4.805520057678223,0.0,-12.20850658416748,2.549675941467285,11.555904388427734,0.0,13.636363983154297,0.0,440761152.0,827171.0,405.0,0.0
6.425905227661133,0.0,-19.905319213867188,2.5388736724853516,11.560233116149902,0.0,13.500000953674316,0.0,440768064.0,834086.0,405.0,0.0
3.9953272342681885,0.0,-13.42378044128418,2.5121524333953857,11.560233116149902,0.0,13.090909004211426,0.0,440776416.0,842412.0,405.0,0.0
6.020808696746826,0.0,-20.715526580810547,2.5121524333953857,11.57492733001709,0.0,12.545454978942871,0.0,440782656.0,848672.0,405.0,0.0
4.805520057678223,0.0,-20.715526580810547,2.516339063644409,11.553271293640137,0.0,12.000000953674316,0.0,440790272.0,856267.0,405.0,0.0
4.400423526763916,0.0,-21.120622634887695,2.516339063644409,11.553271293640137,0.0,11.590909004211426,0.0,440796832.0,862825.0,405.0,0.0
3.59023118019104,0.0,-22.33591079711914,2.5297770500183105,11.547460556030273,0.0,11.318181991577148,0.0,440803296.0,869291.0,405.0,0.0
8.046319007873535,0.0,-17.879852294921875,2.525538921356201,11.547460556030273,0.0,11.045454978942871,0.0,440810240.0,876262.0,405.0,0.0
5.210616111755371,0.0,-19.905319213867188,2.525538921356201,11.565469741821289,0.0,10.5,0.0,440817120.0,883133.0,405.0,0.0
6.020808696746826,0.0,-15.854372024536133,2.5078110694885254,11.552813529968262,0.0,10.090909004211426,0.0,440825344.0,891345.0,405.0,0.0
3.9953272342681885,0.0,-21.930814743041992,2.5078110694885254,11.552813529968262,0.0,9.818181991577148,0.0,440832000.0,898007.0,405.0,0.0
7.2360968589782715,0.0,-17.06966209411621,2.504348039627075,11.552813529968262,0.0,9.545454978942871,0.0,440839200.0,905214.0,405.0,0.0
3.59023118019104,0.0,-16.259469985961914,2.5056402683258057,11.552813529968262,0.0,9.272727012634277,0.0,440846208.0,912211.0,405.0,0.0
6.020808696746826,0.0,-17.879852294921875,2.5056402683258057,11.551604270935059,0.0,8.590909004211426,0.0,440853056.0,919067.0,405.0,0.0
4.805520057678223,0.0,-16.259469985961914,2.497939109802246,11.551604270935059,0.0,8.045454025268555,0.0,440861408.0,927401.0,405.0,0.0
3.59023118019104,0.0,-13.42378044128418,2.497939109802246,11.551604270935059,0.0,7.363636016845703,0.0,440868576.0,934597.0,405.0,0.0
3.59023118019104,0.0,-15.854372024536133,2.5203704833984375,11.551604270935059,0.0,6.954545497894287,0.0,440875584.0,941594.0,405.0,0.0
3.9953272342681885,0.0,-20.715526580810547,2.5203704833984375,11.551604270935059,0.0,6.545454502105713,0.0,440881024.0,947040.0,405.0,0.0
7.2360968589782715,0.0,-15.044179916381836,2.5076043605804443,11.551604270935059,0.0,6.409090995788574,0.0,440888480.0,954499.0,405.0,0.0
8.451415061950684,0.0,-16.66456413269043,2.5045547485351562,11.551604270935059,0.0,6.409090995788574,0.0,440894016.0,960035.0,405.0,0.0
8.856511116027832,0.0,-20.715526580810547,2.5045547485351562,11.551604270935059,0.0,6.68181848526001,0.0,440901280.0,967282.0,405.0,0.0
8.451415061950684,0.0,-17.06966209411621,2.4839324951171875,11.549799919128418,0.0,6.818181991577148,0.0,440908128.0,974145.0,405.0,0.0
5.6157121658325195,0.0,-21.120622634887695,2.4839324951171875,11.549799919128418,0.0,6.68181848526001,0.0,440915040.0,981045.0,405.0,0.0
5.6157121658325195,0.0,-23.55120086669922,2.4721484184265137,11.549799919128418,0.0,6.409090995788574,0.0,440923360.0,989372.0,405.0,0.0
4.400423526763916,0.0,-20.715526580810547,2.4566943645477295,11.549799919128418,0.0,6.000000476837158,0.0,440929952.0,995965.0,405.0,0.0
5.6157121658325195,0.0,-15.854372024536133,2.4566943645477295,11.549799919128418,0.0,5.590909004211426,0.0,440936448.0,1002443.0,405.0,0.0
7.641193389892578,0.0,-19.5002384185791,2.491478443145752,11.553817749023438,0.0,5.318181991577148,0.0,440943008.0,1009003.0,405.0,0.0
0.7545868754386902,0.0,-21.525720596313477,2.491478443145752,11.553817749023438,0.0,5.045454502105713,0.0,440950240.0,1016244.0,405.0,0.0
-2.08111572265625,0.0,-22.741008758544922,2.51535701751709,11.559209823608398,0.0,4.636363506317139,0.0,440957088.0,1023103.0,405.0,0.0
3.1851351261138916,0.0,-19.5002384185791,2.51535701751709,11.572772979736328,0.0,4.2272725105285645,0.0,440963808.0,1029815.0,405.0,0.0
6.020808696746826,0.0,-18.284950256347656,2.5108604431152344,11.572772979736328,0.0,3.954545259475708,0.0,440969152.0,1035157.0,405.0,0.0
4.805520057678223,0.0,-17.47475814819336,2.5108604431152344,11.569262504577637,0.0,3.6818180084228516,0.0,440976416.0,1042411.0,405.0,0.0
-0.8657979965209961,0.0,-21.525720596313477,2.476334810256958,11.569262504577637,0.0,3.409090995788574,0.0,440983168.0,1049182.0,405.0,0.0
4.805520057678223,0.0,-18.690046310424805,2.5203704833984375,11.554948806762695,0.0,3.1363637447357178,0.0,440989440.0,1055458.0,405.0,0.0
8.046319007873535,0.0,-16.66456413269043,2.5203704833984375,11.554948806762695,0.0,2.8636362552642822,0.0,440996448.0,1062469.0,405.0,0.0
4.400423526763916,0.0,-10.993218421936035,2.5332400798797607,11.56019401550293,0.0,2.454545497894287,0.0,441003328.0,1069338.0,405.0,0.0
3.1851351261138916,0.0,-20.31041717529297,2.5332400798797607,11.574049949645996,0.0,2.1818180084228516,0.0,441009024.0,1075016.0,405.0,0.0
1.9698755741119385,0.0,-19.5002384185791,2.5166492462158203,11.574049949645996,0.0,1.6363636255264282,0.0,441015328.0,1081332.0,405.0,0.0
0.7545868754386902,0.0,-21.120622634887695,2.5166492462158203,11.565673828125,0.0,1.3636363744735718,0.0,441022464.0,1088479.0,405.0,0.0
2.374971866607666,0.0,-20.31041717529297,2.5238332748413086,11.565673828125,0.0,1.0909090042114258,0.0,441029376.0,1095395.0,405.0,0.0
5.210616111755371,0.0,-21.120622634887695,2.5238332748413086,11.551604270935059,0.0,1.0909090042114258,0.0,441035200.0,1101204.0,405.0,0.0
2.7800679206848145,0.0,-17.47475814819336,2.509516716003418,11.551604270935059,0.0,0.8181818127632141,0.0,441042144.0,1108165.0,405.0,0.0
1.159683108329773,0.0,-20.715526580810547,2.509516716003418,11.559004783630371,0.0,0.40909090638160706,0.0,441048736.0,1114733.0,405.0,0.0
